[{ "id": "Introduction", "parent" : "#", "text": "Introduction", "a_attr": {"href": "Introduction.html"}  },{ "id": "GettingStarted", "parent" : "#", "text": "Getting Started", "a_attr": {"href": "GettingStarted.html"}  },{ "id": "UnderstandingHTML", "parent" : "GettingStarted", "text": "Understanding HTML", "a_attr": {"href": "UnderstandingHTML.html"}  },{ "id": "UnderstandingCSS", "parent" : "GettingStarted", "text": "Understanding CSS", "a_attr": {"href": "UnderstandingCSS.html"}  },{ "id": "UnderstandingJavaScript", "parent" : "GettingStarted", "text": "Understanding JavaScript", "a_attr": {"href": "UnderstandingJavaScript.html"}  },{ "id": "UnderstandingVant", "parent" : "GettingStarted", "text": "Understanding Vant", "a_attr": {"href": "UnderstandingVant.html"}  },{ "id": "UnderstandingSithasoVant3", "parent" : "GettingStarted", "text": "Understanding SithasoVant3", "a_attr": {"href": "UnderstandingSithasoVant3.html"}  },{ "id": "CreatingWebAppswithSithasoVant3", "parent" : "UnderstandingSithasoVant3", "text": "Creating WebApps with SithasoVant3", "a_attr": {"href": "CreatingWebAppswithSithasoVant3.html"}  },{ "id": "MobileWebAppUIBuildingBlocks", "parent" : "#", "text": "Mobile WebApp UI Building Blocks", "a_attr": {"href": "MobileWebAppUIBuildingBlocks.html"}  },{ "id": "BasicComponents", "parent" : "#", "text": "Basic Components", "a_attr": {"href": "BasicComponents.html"}  },{ "id": "Button", "parent" : "BasicComponents", "text": "Button", "a_attr": {"href": "Button.html"}  },{ "id": "Cell", "parent" : "BasicComponents", "text": "Cell", "a_attr": {"href": "Cell.html"}  },{ "id": "Icon", "parent" : "BasicComponents", "text": "Icon", "a_attr": {"href": "Icon.html"}  },{ "id": "Image", "parent" : "BasicComponents", "text": "Image", "a_attr": {"href": "Image.html"}  },{ "id": "Layout", "parent" : "BasicComponents", "text": "Layout", "a_attr": {"href": "Layout.html"}  },{ "id": "Popup", "parent" : "BasicComponents", "text": "Popup", "a_attr": {"href": "Popup.html"}  },{ "id": "Toast", "parent" : "BasicComponents", "text": "Toast", "a_attr": {"href": "Toast.html"}  },{ "id": "FormComponents", "parent" : "#", "text": "Form Components", "a_attr": {"href": "FormComponents.html"}  },{ "id": "Calendar", "parent" : "FormComponents", "text": "Calendar", "a_attr": {"href": "Calendar.html"}  },{ "id": "Cascader", "parent" : "FormComponents", "text": "Cascader", "a_attr": {"href": "Cascader.html"}  },{ "id": "Checkbox", "parent" : "FormComponents", "text": "Checkbox", "a_attr": {"href": "Checkbox.html"}  },{ "id": "DatetimePicker", "parent" : "FormComponents", "text": "DatetimePicker", "a_attr": {"href": "DatetimePicker.html"}  },{ "id": "Field", "parent" : "FormComponents", "text": "Field", "a_attr": {"href": "Field.html"}  },{ "id": "Form", "parent" : "FormComponents", "text": "Form", "a_attr": {"href": "Form.html"}  },{ "id": "NumberKeyboard", "parent" : "FormComponents", "text": "NumberKeyboard", "a_attr": {"href": "NumberKeyboard.html"}  },{ "id": "PasswordInput", "parent" : "FormComponents", "text": "PasswordInput", "a_attr": {"href": "PasswordInput.html"}  },{ "id": "Picker", "parent" : "FormComponents", "text": "Picker", "a_attr": {"href": "Picker.html"}  },{ "id": "Radio", "parent" : "FormComponents", "text": "Radio", "a_attr": {"href": "Radio.html"}  },{ "id": "Rate", "parent" : "FormComponents", "text": "Rate", "a_attr": {"href": "Rate.html"}  },{ "id": "Search", "parent" : "FormComponents", "text": "Search", "a_attr": {"href": "Search.html"}  },{ "id": "Slider", "parent" : "FormComponents", "text": "Slider", "a_attr": {"href": "Slider.html"}  },{ "id": "Stepper", "parent" : "FormComponents", "text": "Stepper", "a_attr": {"href": "Stepper.html"}  },{ "id": "Switch", "parent" : "FormComponents", "text": "Switch", "a_attr": {"href": "Switch.html"}  },{ "id": "Uploader", "parent" : "FormComponents", "text": "Uploader", "a_attr": {"href": "Uploader.html"}  },{ "id": "ActionComponents", "parent" : "#", "text": "Action Components", "a_attr": {"href": "ActionComponents.html"}  },{ "id": "ActionSheet", "parent" : "ActionComponents", "text": "ActionSheet", "a_attr": {"href": "ActionSheet.html"}  },{ "id": "Dialog", "parent" : "ActionComponents", "text": "Dialog", "a_attr": {"href": "Dialog.html"}  },{ "id": "DropdownMenu", "parent" : "ActionComponents", "text": "DropdownMenu", "a_attr": {"href": "DropdownMenu.html"}  },{ "id": "Loading", "parent" : "ActionComponents", "text": "Loading", "a_attr": {"href": "Loading.html"}  },{ "id": "Notify", "parent" : "ActionComponents", "text": "Notify", "a_attr": {"href": "Notify.html"}  },{ "id": "Overlay", "parent" : "ActionComponents", "text": "Overlay", "a_attr": {"href": "Overlay.html"}  },{ "id": "PullRefresh", "parent" : "ActionComponents", "text": "PullRefresh", "a_attr": {"href": "PullRefresh.html"}  },{ "id": "ShareSheet", "parent" : "ActionComponents", "text": "ShareSheet", "a_attr": {"href": "ShareSheet.html"}  },{ "id": "SwipeCell", "parent" : "ActionComponents", "text": "SwipeCell", "a_attr": {"href": "SwipeCell.html"}  },{ "id": "DisplayComponents", "parent" : "#", "text": "Display Components", "a_attr": {"href": "DisplayComponents.html"}  },{ "id": "Badge", "parent" : "DisplayComponents", "text": "Badge", "a_attr": {"href": "Badge.html"}  },{ "id": "Circle", "parent" : "DisplayComponents", "text": "Circle", "a_attr": {"href": "Circle.html"}  },{ "id": "Collapse", "parent" : "DisplayComponents", "text": "Collapse", "a_attr": {"href": "Collapse.html"}  },{ "id": "CountDown", "parent" : "DisplayComponents", "text": "CountDown", "a_attr": {"href": "CountDown.html"}  },{ "id": "Divider", "parent" : "DisplayComponents", "text": "Divider", "a_attr": {"href": "Divider.html"}  },{ "id": "Empty", "parent" : "DisplayComponents", "text": "Empty", "a_attr": {"href": "Empty.html"}  },{ "id": "ImagePreview", "parent" : "DisplayComponents", "text": "ImagePreview", "a_attr": {"href": "ImagePreview.html"}  },{ "id": "Lazyload", "parent" : "DisplayComponents", "text": "Lazyload", "a_attr": {"href": "Lazyload.html"}  },{ "id": "List", "parent" : "DisplayComponents", "text": "List", "a_attr": {"href": "List.html"}  },{ "id": "NoticeBar", "parent" : "DisplayComponents", "text": "NoticeBar", "a_attr": {"href": "NoticeBar.html"}  },{ "id": "Popover", "parent" : "DisplayComponents", "text": "Popover", "a_attr": {"href": "Popover.html"}  },{ "id": "Progress", "parent" : "DisplayComponents", "text": "Progress", "a_attr": {"href": "Progress.html"}  },{ "id": "Skeleton", "parent" : "DisplayComponents", "text": "Skeleton", "a_attr": {"href": "Skeleton.html"}  },{ "id": "Steps", "parent" : "DisplayComponents", "text": "Steps", "a_attr": {"href": "Steps.html"}  },{ "id": "Sticky", "parent" : "DisplayComponents", "text": "Sticky", "a_attr": {"href": "Sticky.html"}  },{ "id": "Swipe", "parent" : "DisplayComponents", "text": "Swipe", "a_attr": {"href": "Swipe.html"}  },{ "id": "Tag", "parent" : "DisplayComponents", "text": "Tag", "a_attr": {"href": "Tag.html"}  },{ "id": "NavigationComponents", "parent" : "#", "text": "Navigation Components", "a_attr": {"href": "NavigationComponents.html"}  },{ "id": "ActionBar", "parent" : "NavigationComponents", "text": "ActionBar", "a_attr": {"href": "ActionBar.html"}  },{ "id": "Grid", "parent" : "NavigationComponents", "text": "Grid", "a_attr": {"href": "Grid.html"}  },{ "id": "IndexBar", "parent" : "NavigationComponents", "text": "IndexBar", "a_attr": {"href": "IndexBar.html"}  },{ "id": "NavBar", "parent" : "NavigationComponents", "text": "NavBar", "a_attr": {"href": "NavBar.html"}  },{ "id": "Pagination", "parent" : "NavigationComponents", "text": "Pagination", "a_attr": {"href": "Pagination.html"}  },{ "id": "Sidebar", "parent" : "NavigationComponents", "text": "Sidebar", "a_attr": {"href": "Sidebar.html"}  },{ "id": "Tabs", "parent" : "NavigationComponents", "text": "Tabs", "a_attr": {"href": "Tabs.html"}  },{ "id": "Tabbar", "parent" : "NavigationComponents", "text": "Tabbar", "a_attr": {"href": "Tabbar.html"}  },{ "id": "TreeSelect", "parent" : "NavigationComponents", "text": "TreeSelect", "a_attr": {"href": "TreeSelect.html"}  },{ "id": "BusinessComponents", "parent" : "#", "text": "Business Components", "a_attr": {"href": "BusinessComponents.html"}  },{ "id": "AddressEdit", "parent" : "BusinessComponents", "text": "AddressEdit", "a_attr": {"href": "AddressEdit.html"}  },{ "id": "AddressList", "parent" : "BusinessComponents", "text": "AddressList", "a_attr": {"href": "AddressList.html"}  },{ "id": "Area", "parent" : "BusinessComponents", "text": "Area", "a_attr": {"href": "Area.html"}  },{ "id": "Card", "parent" : "BusinessComponents", "text": "Card", "a_attr": {"href": "Card.html"}  },{ "id": "ContactCard", "parent" : "BusinessComponents", "text": "ContactCard", "a_attr": {"href": "ContactCard.html"}  },{ "id": "ContactEdit", "parent" : "BusinessComponents", "text": "ContactEdit", "a_attr": {"href": "ContactEdit.html"}  },{ "id": "ContactList", "parent" : "BusinessComponents", "text": "ContactList", "a_attr": {"href": "ContactList.html"}  },{ "id": "Coupon", "parent" : "BusinessComponents", "text": "Coupon", "a_attr": {"href": "Coupon.html"}  },{ "id": "SubmitBar", "parent" : "BusinessComponents", "text": "SubmitBar", "a_attr": {"href": "SubmitBar.html"}  },{ "id": "Glossary", "parent" : "#", "text": "Glossary", "a_attr": {"href": "Glossary.html"}  }]